{
  "indexes": [
    {
      "collectionGroup": "images",
      "queryScope": "COLLECTION",
      "fields": [
        {
          "fieldPath": "private",
          "order": "ASCENDING"
        },
        {
          "fieldPath": "created",
          "order": "DESCENDING"
        }
      ]
    },
    {
      "collectionGroup": "albums",
      "queryScope": "COLLECTION",
      "fields": [
        {
          "fieldPath": "user_ref",
          "order": "ASCENDING"
        },
        {
          "fieldPath": "created",
          "order": "ASCENDING"
        }
      ]
    },
    {
      "collectionGroup": "images",
      "queryScope": "COLLECTION",
      "fields": [
        {
          "fieldPath": "album_ref",
          "order": "ASCENDING"
        },
        {
          "fieldPath": "created",
          "order": "DESCENDING"
        }
      ]
    },
    {
      "collectionGroup": "images",
      "queryScope": "COLLECTION",
      "fields": [
        {
          "fieldPath": "private",
          "order": "ASCENDING"
        },
        {
          "fieldPath": "likes",
          "order": "DESCENDING"
        }
      ]
    },
    {
      "collectionGroup": "images",
      "queryScope": "COLLECTION",
      "fields": [
        {
          "fieldPath": "category",
          "order": "ASCENDING"
        },
        {
          "fieldPath": "created",
          "order": "DESCENDING"
        }
      ]
    },
    {
      "collectionGroup": "images",
      "queryScope": "COLLECTION",
      "fields": [
        {
          "fieldPath": "ratio",
          "order": "ASCENDING"
        },
        {
          "fieldPath": "created",
          "order": "DESCENDING"
        }
      ]
    }
  ]
}